Amplicon Size,FP Binding Start Site,FP GC%,Forward Primer (FP),Forward Primer Length,Max Dimerisation Percentage Score,Max Dimerisation String,Minimum Primer 3' Identity Anchor,RP Binding Start Site,RP GC%,Reverse Primer (RP),Reverse Primer Length
91.0,9.0,66.66666666666666,TCTTCTGGTGGCCATCGCGGCGGCGGTTCT,30.0,33.33333333333333,"    GACTACTCTAACTCTCTCTTGCTAATGGGC                         
----|||-||----|----|-|---|-|-------------------------------
TCTTCTGGTGGCCATCGCGGCGGCGGTTCT                             ",30.0,70.0,46.666666666666664,CGGGTAATCGTTCTCTCTCAATCTCATCAG,30.0
92.0,9.0,66.66666666666666,TCTTCTGGTGGCCATCGCGGCGGCGGTTCT,30.0,30.0," ACGGGTAATCGTTCTCTCTCAATCTCATCA                            
----|---|-||-|--|-|-----|--|-------------------------------
TCTTCTGGTGGCCATCGCGGCGGCGGTTCT                             ",30.0,71.0,43.333333333333336,ACGGGTAATCGTTCTCTCTCAATCTCATCA,30.0
93.0,9.0,66.66666666666666,TCTTCTGGTGGCCATCGCGGCGGCGGTTCT,30.0,33.33333333333333,"       CACGGGTAATCGTTCTCTCTCAATCTCATC                      
-------|||-||||------|---|---|-----------------------------
TCTTCTGGTGGCCATCGCGGCGGCGGTTCT                             ",30.0,72.0,46.666666666666664,CACGGGTAATCGTTCTCTCTCAATCTCATC,30.0
116.0,9.0,66.66666666666666,TCTTCTGGTGGCCATCGCGGCGGCGGTTCT,30.0,33.33333333333333,"  GCCACCTCAGCATGTCGTTGGTCCACGGGT                           
-----|||-|-|---|--------|||-|------------------------------
TCTTCTGGTGGCCATCGCGGCGGCGGTTCT                             ",30.0,95.0,63.33333333333333,GCCACCTCAGCATGTCGTTGGTCCACGGGT,30.0
127.0,9.0,66.66666666666666,TCTTCTGGTGGCCATCGCGGCGGCGGTTCT,30.0,33.33333333333333,"TCCAGTGCGCTGCCACCTCAGCATGTCGTT                             
---||--|-|-|--|-|-|-||-------------------------------------
TCTTCTGGTGGCCATCGCGGCGGCGGTTCT                             ",30.0,106.0,60.0,TCCAGTGCGCTGCCACCTCAGCATGTCGTT,30.0
60.0,73.0,46.666666666666664,ATGAGATTGAGAGAGAACGATTACCCGTGG,30.0,33.33333333333333,"    ATGAGATTGAGAGAGAACGATTACCCGTGG                         
------||---||-----|-||----|||------------------------------
AGTGCGCTGCCACCTCAGCATGTCGTTGGT                             ",30.0,103.0,60.0,AGTGCGCTGCCACCTCAGCATGTCGTTGGT,30.0
77.0,21.0,63.33333333333333,CATCGCGGCGGCGGTTCTCTACTACAACCC,30.0,33.33333333333333,"    CATCGCGGCGGCGGTTCTCTACTACAACCC                         
-----|-|--|---|-|-|----||-|--|-----------------------------
GGTAATCGTTCTCTCTCAATCTCATCAGAT                             ",30.0,68.0,40.0,GGTAATCGTTCTCTCTCAATCTCATCAGAT,30.0
78.0,21.0,63.33333333333333,CATCGCGGCGGCGGTTCTCTACTACAACCC,30.0,33.33333333333333,"CATCGCGGCGGCGGTTCTCTACTACAACCC                             
--|---|-----|-------||-|--||||-----------------------------
AGACTACTCTAACTCTCTCTTGCTAATGGG                             ",30.0,69.0,43.333333333333336,GGGTAATCGTTCTCTCTCAATCTCATCAGA,30.0
79.0,21.0,63.33333333333333,CATCGCGGCGGCGGTTCTCTACTACAACCC,30.0,33.33333333333333," GACTACTCTAACTCTCTCTTGCTAATGGGC                            
--|---|-----|-------||-|--||||-----------------------------
CATCGCGGCGGCGGTTCTCTACTACAACCC                             ",30.0,70.0,46.666666666666664,CGGGTAATCGTTCTCTCTCAATCTCATCAG,30.0
80.0,21.0,63.33333333333333,CATCGCGGCGGCGGTTCTCTACTACAACCC,30.0,33.33333333333333,"  ACTACTCTAACTCTCTCTTGCTAATGGGCA                           
--|---|-----|-------||-|--||||-----------------------------
CATCGCGGCGGCGGTTCTCTACTACAACCC                             ",30.0,71.0,43.333333333333336,ACGGGTAATCGTTCTCTCTCAATCTCATCA,30.0
81.0,21.0,63.33333333333333,CATCGCGGCGGCGGTTCTCTACTACAACCC,30.0,30.0,"     CATCGCGGCGGCGGTTCTCTACTACAACCC                        
-----|||------|---|---|--|-||------------------------------
CACGGGTAATCGTTCTCTCTCAATCTCATC                             ",30.0,72.0,46.666666666666664,CACGGGTAATCGTTCTCTCTCAATCTCATC,30.0
82.0,21.0,63.33333333333333,CATCGCGGCGGCGGTTCTCTACTACAACCC,30.0,30.0,"      CCACGGGTAATCGTTCTCTCTCAATCTCAT                       
------||-|-|--||--|-|-----|--------------------------------
CATCGCGGCGGCGGTTCTCTACTACAACCC                             ",30.0,73.0,46.666666666666664,CCACGGGTAATCGTTCTCTCTCAATCTCAT,30.0
83.0,21.0,63.33333333333333,CATCGCGGCGGCGGTTCTCTACTACAACCC,30.0,30.0,"     TCCACGGGTAATCGTTCTCTCTCAATCTCA                        
------||-|-|--||--|-|-----|--------------------------------
CATCGCGGCGGCGGTTCTCTACTACAACCC                             ",30.0,74.0,46.666666666666664,TCCACGGGTAATCGTTCTCTCTCAATCTCA,30.0
84.0,21.0,63.33333333333333,CATCGCGGCGGCGGTTCTCTACTACAACCC,30.0,30.0,"    GTCCACGGGTAATCGTTCTCTCTCAATCTC                         
------||-|-|--||--|-|-----|--------------------------------
CATCGCGGCGGCGGTTCTCTACTACAACCC                             ",30.0,75.0,50.0,GTCCACGGGTAATCGTTCTCTCTCAATCTC,30.0
92.0,8.0,66.66666666666666,TTCTTCTGGTGGCCATCGCGGCGGCGGTTC,30.0,33.33333333333333,"     GACTACTCTAACTCTCTCTTGCTAATGGGC                        
-----|||-||----|----|-|---|-|------------------------------
TTCTTCTGGTGGCCATCGCGGCGGCGGTTC                             ",30.0,70.0,46.666666666666664,CGGGTAATCGTTCTCTCTCAATCTCATCAG,30.0
93.0,8.0,66.66666666666666,TTCTTCTGGTGGCCATCGCGGCGGCGGTTC,30.0,30.0,"  ACGGGTAATCGTTCTCTCTCAATCTCATCA                           
-----|---|-||-|--|-|-----|--|------------------------------
TTCTTCTGGTGGCCATCGCGGCGGCGGTTC                             ",30.0,71.0,43.333333333333336,ACGGGTAATCGTTCTCTCTCAATCTCATCA,30.0
94.0,8.0,66.66666666666666,TTCTTCTGGTGGCCATCGCGGCGGCGGTTC,30.0,30.0," CACGGGTAATCGTTCTCTCTCAATCTCATC                            
-----|---|-||-|--|-|-----|--|------------------------------
TTCTTCTGGTGGCCATCGCGGCGGCGGTTC                             ",30.0,72.0,46.666666666666664,CACGGGTAATCGTTCTCTCTCAATCTCATC,30.0
95.0,8.0,66.66666666666666,TTCTTCTGGTGGCCATCGCGGCGGCGGTTC,30.0,33.33333333333333,"       CCACGGGTAATCGTTCTCTCTCAATCTCAT                      
-------||||-||||------|---|--------------------------------
TTCTTCTGGTGGCCATCGCGGCGGCGGTTC                             ",30.0,73.0,46.666666666666664,CCACGGGTAATCGTTCTCTCTCAATCTCAT,30.0
96.0,8.0,66.66666666666666,TTCTTCTGGTGGCCATCGCGGCGGCGGTTC,30.0,33.33333333333333,"      TCCACGGGTAATCGTTCTCTCTCAATCTCA                       
-------||||-||||------|---|--------------------------------
TTCTTCTGGTGGCCATCGCGGCGGCGGTTC                             ",30.0,74.0,46.666666666666664,TCCACGGGTAATCGTTCTCTCTCAATCTCA,30.0
117.0,8.0,66.66666666666666,TTCTTCTGGTGGCCATCGCGGCGGCGGTTC,30.0,33.33333333333333,"   GCCACCTCAGCATGTCGTTGGTCCACGGGT                          
------|||-|-|---|--------|||-|-----------------------------
TTCTTCTGGTGGCCATCGCGGCGGCGGTTC                             ",30.0,95.0,63.33333333333333,GCCACCTCAGCATGTCGTTGGTCCACGGGT,30.0
128.0,8.0,66.66666666666666,TTCTTCTGGTGGCCATCGCGGCGGCGGTTC,30.0,33.33333333333333," TCCAGTGCGCTGCCACCTCAGCATGTCGTT                            
----||--|-|-|--|-|-|-||------------------------------------
TTCTTCTGGTGGCCATCGCGGCGGCGGTTC                             ",30.0,106.0,60.0,TCCAGTGCGCTGCCACCTCAGCATGTCGTT,30.0
93.0,7.0,63.33333333333333,TTTCTTCTGGTGGCCATCGCGGCGGCGGTT,30.0,33.33333333333333,"      GACTACTCTAACTCTCTCTTGCTAATGGGC                       
------|||-||----|----|-|---|-|-----------------------------
TTTCTTCTGGTGGCCATCGCGGCGGCGGTT                             ",30.0,70.0,46.666666666666664,CGGGTAATCGTTCTCTCTCAATCTCATCAG,30.0
94.0,7.0,63.33333333333333,TTTCTTCTGGTGGCCATCGCGGCGGCGGTT,30.0,30.0,"   ACGGGTAATCGTTCTCTCTCAATCTCATCA                          
------|---|-||-|--|-|-----|--|-----------------------------
TTTCTTCTGGTGGCCATCGCGGCGGCGGTT                             ",30.0,71.0,43.333333333333336,ACGGGTAATCGTTCTCTCTCAATCTCATCA,30.0
95.0,7.0,63.33333333333333,TTTCTTCTGGTGGCCATCGCGGCGGCGGTT,30.0,30.0,"  CACGGGTAATCGTTCTCTCTCAATCTCATC                           
------|---|-||-|--|-|-----|--|-----------------------------
TTTCTTCTGGTGGCCATCGCGGCGGCGGTT                             ",30.0,72.0,46.666666666666664,CACGGGTAATCGTTCTCTCTCAATCTCATC,30.0
96.0,7.0,63.33333333333333,TTTCTTCTGGTGGCCATCGCGGCGGCGGTT,30.0,33.33333333333333,"        CCACGGGTAATCGTTCTCTCTCAATCTCAT                     
--------||||-||||------|---|-------------------------------
TTTCTTCTGGTGGCCATCGCGGCGGCGGTT                             ",30.0,73.0,46.666666666666664,CCACGGGTAATCGTTCTCTCTCAATCTCAT,30.0
97.0,7.0,63.33333333333333,TTTCTTCTGGTGGCCATCGCGGCGGCGGTT,30.0,33.33333333333333,"       TCCACGGGTAATCGTTCTCTCTCAATCTCA                      
--------||||-||||------|---|-------------------------------
TTTCTTCTGGTGGCCATCGCGGCGGCGGTT                             ",30.0,74.0,46.666666666666664,TCCACGGGTAATCGTTCTCTCTCAATCTCA,30.0
118.0,7.0,63.33333333333333,TTTCTTCTGGTGGCCATCGCGGCGGCGGTT,30.0,33.33333333333333,"  TGGGCACCTGGTTGCTGTACGACTCCACCG                           
---|---|||-----------||-|-|||------------------------------
TTTCTTCTGGTGGCCATCGCGGCGGCGGTT                             ",30.0,95.0,63.33333333333333,GCCACCTCAGCATGTCGTTGGTCCACGGGT,30.0
129.0,7.0,63.33333333333333,TTTCTTCTGGTGGCCATCGCGGCGGCGGTT,30.0,33.33333333333333,"  TCCAGTGCGCTGCCACCTCAGCATGTCGTT                           
-----||--|-|-|--|-|-|-||-----------------------------------
TTTCTTCTGGTGGCCATCGCGGCGGCGGTT                             ",30.0,106.0,60.0,TCCAGTGCGCTGCCACCTCAGCATGTCGTT,30.0
98.0,0.0,63.33333333333333,CATGGCGTTTCTTCTGGTGGCCATCGCGGC,30.0,26.666666666666668,"     GGTAATCGTTCTCTCTCAATCTCATCAGAT                        
-----|--||-----|---|---|-|-|-------------------------------
CATGGCGTTTCTTCTGGTGGCCATCGCGGC                             ",30.0,68.0,40.0,GGTAATCGTTCTCTCTCAATCTCATCAGAT,30.0
99.0,0.0,63.33333333333333,CATGGCGTTTCTTCTGGTGGCCATCGCGGC,30.0,30.0,"   CATGGCGTTTCTTCTGGTGGCCATCGCGGC                          
----|||---||------|---|----|-|-----------------------------
AGACTACTCTAACTCTCTCTTGCTAATGGG                             ",30.0,69.0,43.333333333333336,GGGTAATCGTTCTCTCTCAATCTCATCAGA,30.0
100.0,0.0,63.33333333333333,CATGGCGTTTCTTCTGGTGGCCATCGCGGC,30.0,33.33333333333333,"  CATGGCGTTTCTTCTGGTGGCCATCGCGGC                           
---|||---||------|---|----|-||-----------------------------
GACTACTCTAACTCTCTCTTGCTAATGGGC                             ",30.0,70.0,46.666666666666664,CGGGTAATCGTTCTCTCTCAATCTCATCAG,30.0
101.0,0.0,63.33333333333333,CATGGCGTTTCTTCTGGTGGCCATCGCGGC,30.0,33.33333333333333,"  ACGGGTAATCGTTCTCTCTCAATCTCATCA                           
--||-|--||-----|---|---|-|-|-------------------------------
CATGGCGTTTCTTCTGGTGGCCATCGCGGC                             ",30.0,71.0,43.333333333333336,ACGGGTAATCGTTCTCTCTCAATCTCATCA,30.0
102.0,0.0,63.33333333333333,CATGGCGTTTCTTCTGGTGGCCATCGCGGC,30.0,33.33333333333333," CACGGGTAATCGTTCTCTCTCAATCTCATC                            
--||-|--||-----|---|---|-|-|-------------------------------
CATGGCGTTTCTTCTGGTGGCCATCGCGGC                             ",30.0,72.0,46.666666666666664,CACGGGTAATCGTTCTCTCTCAATCTCATC,30.0
103.0,0.0,63.33333333333333,CATGGCGTTTCTTCTGGTGGCCATCGCGGC,30.0,33.33333333333333,"CCACGGGTAATCGTTCTCTCTCAATCTCAT                             
--||-|--||-----|---|---|-|-|-------------------------------
CATGGCGTTTCTTCTGGTGGCCATCGCGGC                             ",30.0,73.0,46.666666666666664,CCACGGGTAATCGTTCTCTCTCAATCTCAT,30.0
104.0,0.0,63.33333333333333,CATGGCGTTTCTTCTGGTGGCCATCGCGGC,30.0,33.33333333333333," CATGGCGTTTCTTCTGGTGGCCATCGCGGC                            
---||-|--||-----|---|---|-|-|------------------------------
TCCACGGGTAATCGTTCTCTCTCAATCTCA                             ",30.0,74.0,46.666666666666664,TCCACGGGTAATCGTTCTCTCTCAATCTCA,30.0
105.0,0.0,63.33333333333333,CATGGCGTTTCTTCTGGTGGCCATCGCGGC,30.0,33.33333333333333,"  CATGGCGTTTCTTCTGGTGGCCATCGCGGC                           
----||-|--||-----|---|---|-|-|-----------------------------
GTCCACGGGTAATCGTTCTCTCTCAATCTC                             ",30.0,75.0,50.0,GTCCACGGGTAATCGTTCTCTCTCAATCTC,30.0
108.0,0.0,63.33333333333333,CATGGCGTTTCTTCTGGTGGCCATCGCGGC,30.0,33.33333333333333," TAACTCTCTCTTGCTAATGGGCACCTGGTT                            
-||-|-|------|---|--||-|-|---------------------------------
CATGGCGTTTCTTCTGGTGGCCATCGCGGC                             ",30.0,78.0,46.666666666666664,TTGGTCCACGGGTAATCGTTCTCTCTCAAT,30.0
112.0,0.0,63.33333333333333,CATGGCGTTTCTTCTGGTGGCCATCGCGGC,30.0,33.33333333333333,"  CATGGCGTTTCTTCTGGTGGCCATCGCGGC                           
-----|-----|---|-|--|-|||-||-------------------------------
TCTCTCTTGCTAATGGGCACCTGGTTGCTG                             ",30.0,82.0,53.333333333333336,GTCGTTGGTCCACGGGTAATCGTTCTCTCT,30.0
113.0,0.0,63.33333333333333,CATGGCGTTTCTTCTGGTGGCCATCGCGGC,30.0,33.33333333333333," CATGGCGTTTCTTCTGGTGGCCATCGCGGC                            
----|-----|---|-|--|-|||-||--------------------------------
CTCTCTTGCTAATGGGCACCTGGTTGCTGT                             ",30.0,83.0,53.333333333333336,TGTCGTTGGTCCACGGGTAATCGTTCTCTC,30.0
122.0,0.0,63.33333333333333,CATGGCGTTTCTTCTGGTGGCCATCGCGGC,30.0,33.33333333333333,"    CATGGCGTTTCTTCTGGTGGCCATCGCGGC                         
-------|---------|-||||-||||-------------------------------
ACCTCAGCATGTCGTTGGTCCACGGGTAAT                             ",30.0,92.0,53.333333333333336,ACCTCAGCATGTCGTTGGTCCACGGGTAAT,30.0
123.0,0.0,63.33333333333333,CATGGCGTTTCTTCTGGTGGCCATCGCGGC,30.0,33.33333333333333,"   CACCTCAGCATGTCGTTGGTCCACGGGTAA                          
---|--|--||-|---|---|||------|-----------------------------
CATGGCGTTTCTTCTGGTGGCCATCGCGGC                             ",30.0,93.0,56.666666666666664,CACCTCAGCATGTCGTTGGTCCACGGGTAA,30.0
124.0,0.0,63.33333333333333,CATGGCGTTTCTTCTGGTGGCCATCGCGGC,30.0,33.33333333333333,"  CCACCTCAGCATGTCGTTGGTCCACGGGTA                           
---|--|--||-|---|---|||------|-----------------------------
CATGGCGTTTCTTCTGGTGGCCATCGCGGC                             ",30.0,94.0,60.0,CCACCTCAGCATGTCGTTGGTCCACGGGTA,30.0
133.0,0.0,63.33333333333333,CATGGCGTTTCTTCTGGTGGCCATCGCGGC,30.0,33.33333333333333,"  CATGGCGTTTCTTCTGGTGGCCATCGCGGC                           
--||--|---|-||---|--|-----|-|------------------------------
TGGTTGCTGTACGACTCCACCGTCGCGTGA                             ",30.0,103.0,60.0,AGTGCGCTGCCACCTCAGCATGTCGTTGGT,30.0
136.0,0.0,63.33333333333333,CATGGCGTTTCTTCTGGTGGCCATCGCGGC,30.0,33.33333333333333," TTGCTGTACGACTCCACCGTCGCGTGACCT                            
-|--|---|-||---|--|-----|-|-|------------------------------
CATGGCGTTTCTTCTGGTGGCCATCGCGGC                             ",30.0,106.0,60.0,TCCAGTGCGCTGCCACCTCAGCATGTCGTT,30.0
96.0,2.0,66.66666666666666,TGGCGTTTCTTCTGGTGGCCATCGCGGCGG,30.0,30.0,"   GGTAATCGTTCTCTCTCAATCTCATCAGAT                          
---|--||-----|---|---|-|-|--|------------------------------
TGGCGTTTCTTCTGGTGGCCATCGCGGCGG                             ",30.0,68.0,40.0,GGTAATCGTTCTCTCTCAATCTCATCAGAT,30.0
97.0,2.0,66.66666666666666,TGGCGTTTCTTCTGGTGGCCATCGCGGCGG,30.0,30.0,"  GGGTAATCGTTCTCTCTCAATCTCATCAGA                           
---|--||-----|---|---|-|-|--|------------------------------
TGGCGTTTCTTCTGGTGGCCATCGCGGCGG                             ",30.0,69.0,43.333333333333336,GGGTAATCGTTCTCTCTCAATCTCATCAGA,30.0
98.0,2.0,66.66666666666666,TGGCGTTTCTTCTGGTGGCCATCGCGGCGG,30.0,33.33333333333333," CGGGTAATCGTTCTCTCTCAATCTCATCAG                            
-|-|--||-----|---|---|-|-|--|------------------------------
TGGCGTTTCTTCTGGTGGCCATCGCGGCGG                             ",30.0,70.0,46.666666666666664,CGGGTAATCGTTCTCTCTCAATCTCATCAG,30.0
101.0,2.0,66.66666666666666,TGGCGTTTCTTCTGGTGGCCATCGCGGCGG,30.0,33.33333333333333,"  TGGCGTTTCTTCTGGTGGCCATCGCGGCGG                           
--||-|--||-----|---|---|-|-|-------------------------------
CCACGGGTAATCGTTCTCTCTCAATCTCAT                             ",30.0,73.0,46.666666666666664,CCACGGGTAATCGTTCTCTCTCAATCTCAT,30.0
102.0,2.0,66.66666666666666,TGGCGTTTCTTCTGGTGGCCATCGCGGCGG,30.0,33.33333333333333,"   TGGCGTTTCTTCTGGTGGCCATCGCGGCGG                          
---||-|--||-----|---|---|-|-|------------------------------
TCCACGGGTAATCGTTCTCTCTCAATCTCA                             ",30.0,74.0,46.666666666666664,TCCACGGGTAATCGTTCTCTCTCAATCTCA,30.0
103.0,2.0,66.66666666666666,TGGCGTTTCTTCTGGTGGCCATCGCGGCGG,30.0,33.33333333333333,"           GTCCACGGGTAATCGTTCTCTCTCAATCTC                  
-----------|-||||-||||------|------------------------------
TGGCGTTTCTTCTGGTGGCCATCGCGGCGG                             ",30.0,75.0,50.0,GTCCACGGGTAATCGTTCTCTCTCAATCTC,30.0
106.0,2.0,66.66666666666666,TGGCGTTTCTTCTGGTGGCCATCGCGGCGG,30.0,33.33333333333333,"        TTGGTCCACGGGTAATCGTTCTCTCTCAAT                     
-----------|-||||-||||------|------------------------------
TGGCGTTTCTTCTGGTGGCCATCGCGGCGG                             ",30.0,78.0,46.666666666666664,TTGGTCCACGGGTAATCGTTCTCTCTCAAT,30.0
110.0,2.0,66.66666666666666,TGGCGTTTCTTCTGGTGGCCATCGCGGCGG,30.0,33.33333333333333,"    GTCGTTGGTCCACGGGTAATCGTTCTCTCT                         
-----------|-||||-||||------|------------------------------
TGGCGTTTCTTCTGGTGGCCATCGCGGCGG                             ",30.0,82.0,53.333333333333336,GTCGTTGGTCCACGGGTAATCGTTCTCTCT,30.0
111.0,2.0,66.66666666666666,TGGCGTTTCTTCTGGTGGCCATCGCGGCGG,30.0,33.33333333333333,"   TGTCGTTGGTCCACGGGTAATCGTTCTCTC                          
-----------|-||||-||||------|------------------------------
TGGCGTTTCTTCTGGTGGCCATCGCGGCGG                             ",30.0,83.0,53.333333333333336,TGTCGTTGGTCCACGGGTAATCGTTCTCTC,30.0
120.0,2.0,66.66666666666666,TGGCGTTTCTTCTGGTGGCCATCGCGGCGG,30.0,33.33333333333333,"      TGGCGTTTCTTCTGGTGGCCATCGCGGCGG                       
-------|---------|-||||-||||-------------------------------
ACCTCAGCATGTCGTTGGTCCACGGGTAAT                             ",30.0,92.0,53.333333333333336,ACCTCAGCATGTCGTTGGTCCACGGGTAAT,30.0
121.0,2.0,66.66666666666666,TGGCGTTTCTTCTGGTGGCCATCGCGGCGG,30.0,33.33333333333333," CACCTCAGCATGTCGTTGGTCCACGGGTAA                            
-|--|--||-|---|---|||------|-------------------------------
TGGCGTTTCTTCTGGTGGCCATCGCGGCGG                             ",30.0,93.0,56.666666666666664,CACCTCAGCATGTCGTTGGTCCACGGGTAA,30.0
122.0,2.0,66.66666666666666,TGGCGTTTCTTCTGGTGGCCATCGCGGCGG,30.0,33.33333333333333,"CCACCTCAGCATGTCGTTGGTCCACGGGTA                             
-|--|--||-|---|---|||------|-------------------------------
TGGCGTTTCTTCTGGTGGCCATCGCGGCGG                             ",30.0,94.0,60.0,CCACCTCAGCATGTCGTTGGTCCACGGGTA,30.0
123.0,2.0,66.66666666666666,TGGCGTTTCTTCTGGTGGCCATCGCGGCGG,30.0,33.33333333333333,"   GCCACCTCAGCATGTCGTTGGTCCACGGGT                          
---||-|------|-----||-|--||-|------------------------------
TGGCGTTTCTTCTGGTGGCCATCGCGGCGG                             ",30.0,95.0,63.33333333333333,GCCACCTCAGCATGTCGTTGGTCCACGGGT,30.0
131.0,2.0,66.66666666666666,TGGCGTTTCTTCTGGTGGCCATCGCGGCGG,30.0,33.33333333333333,"          AGTGCGCTGCCACCTCAGCATGTCGTTGGT                   
----------||--|-|-|--|-|-|-||------------------------------
TGGCGTTTCTTCTGGTGGCCATCGCGGCGG                             ",30.0,103.0,60.0,AGTGCGCTGCCACCTCAGCATGTCGTTGGT,30.0
92.0,6.0,66.66666666666666,GTTTCTTCTGGTGGCCATCGCGGCGGCGGT,30.0,33.33333333333333,"     TAGACTACTCTAACTCTCTCTTGCTAATGG                        
------||||-||----|----|-|---|------------------------------
GTTTCTTCTGGTGGCCATCGCGGCGGCGGT                             ",30.0,68.0,40.0,GGTAATCGTTCTCTCTCAATCTCATCAGAT,30.0
93.0,6.0,66.66666666666666,GTTTCTTCTGGTGGCCATCGCGGCGGCGGT,30.0,33.33333333333333,"      AGACTACTCTAACTCTCTCTTGCTAATGGG                       
------||||-||----|----|-|---|------------------------------
GTTTCTTCTGGTGGCCATCGCGGCGGCGGT                             ",30.0,69.0,43.333333333333336,GGGTAATCGTTCTCTCTCAATCTCATCAGA,30.0
94.0,6.0,66.66666666666666,GTTTCTTCTGGTGGCCATCGCGGCGGCGGT,30.0,33.33333333333333,"  GTTTCTTCTGGTGGCCATCGCGGCGGCGGT                           
--|-|-----||---|--|-||------||-----------------------------
GACTACTCTAACTCTCTCTTGCTAATGGGC                             ",30.0,70.0,46.666666666666664,CGGGTAATCGTTCTCTCTCAATCTCATCAG,30.0
95.0,6.0,66.66666666666666,GTTTCTTCTGGTGGCCATCGCGGCGGCGGT,30.0,33.33333333333333," GTTTCTTCTGGTGGCCATCGCGGCGGCGGT                            
-|-|-----||---|--|-||------||------------------------------
ACTACTCTAACTCTCTCTTGCTAATGGGCA                             ",30.0,71.0,43.333333333333336,ACGGGTAATCGTTCTCTCTCAATCTCATCA,30.0
96.0,6.0,66.66666666666666,GTTTCTTCTGGTGGCCATCGCGGCGGCGGT,30.0,33.33333333333333,"GTTTCTTCTGGTGGCCATCGCGGCGGCGGT                             
|-|-----||---|--|-||------||-------------------------------
CTACTCTAACTCTCTCTTGCTAATGGGCAC                             ",30.0,72.0,46.666666666666664,CACGGGTAATCGTTCTCTCTCAATCTCATC,30.0
97.0,6.0,66.66666666666666,GTTTCTTCTGGTGGCCATCGCGGCGGCGGT,30.0,33.33333333333333,"         CCACGGGTAATCGTTCTCTCTCAATCTCAT                    
---------||||-||||------|---|------------------------------
GTTTCTTCTGGTGGCCATCGCGGCGGCGGT                             ",30.0,73.0,46.666666666666664,CCACGGGTAATCGTTCTCTCTCAATCTCAT,30.0
98.0,6.0,66.66666666666666,GTTTCTTCTGGTGGCCATCGCGGCGGCGGT,30.0,33.33333333333333,"        TCCACGGGTAATCGTTCTCTCTCAATCTCA                     
---------||||-||||------|---|------------------------------
GTTTCTTCTGGTGGCCATCGCGGCGGCGGT                             ",30.0,74.0,46.666666666666664,TCCACGGGTAATCGTTCTCTCTCAATCTCA,30.0
119.0,6.0,66.66666666666666,GTTTCTTCTGGTGGCCATCGCGGCGGCGGT,30.0,33.33333333333333," GTTTCTTCTGGTGGCCATCGCGGCGGCGGT                            
-|-|------|-----||-|--||-|-|-------------------------------
GCCACCTCAGCATGTCGTTGGTCCACGGGT                             ",30.0,95.0,63.33333333333333,GCCACCTCAGCATGTCGTTGGTCCACGGGT,30.0
130.0,6.0,66.66666666666666,GTTTCTTCTGGTGGCCATCGCGGCGGCGGT,30.0,33.33333333333333,"   TCCAGTGCGCTGCCACCTCAGCATGTCGTT                          
------||--|-|-|--|-|-|-||----------------------------------
GTTTCTTCTGGTGGCCATCGCGGCGGCGGT                             ",30.0,106.0,60.0,TCCAGTGCGCTGCCACCTCAGCATGTCGTT,30.0
